t_s,mass_mean_kg
0.000000,0.150000
1.000000,0.149836
2.000000,0.149685
3.000000,0.149542
4.000000,0.149388
5.000000,0.149239
6.000000,0.149088
7.000000,0.148928
8.000000,0.148620
9.000000,0.148300
10.000000,0.147984
11.000000,0.147679
12.000000,0.147396
13.000000,0.147145
14.000000,0.146880
15.000000,0.146602
16.000000,0.146307
17.000000,0.146000
18.000000,0.145678
19.000000,0.145359
20.000000,0.145031
21.000000,0.144708
22.000000,0.144385
23.000000,0.144039
24.000000,0.143683
25.000000,0.143309
26.000000,0.142932
27.000000,0.142538
28.000000,0.142156
29.000000,0.141793
30.000000,0.141429
31.000000,0.141061
32.000000,0.140704
33.000000,0.140358
34.000000,0.140018
35.000000,0.139690
36.000000,0.139355
37.000000,0.139024
38.000000,0.138686
39.000000,0.138342
40.000000,0.138002
41.000000,0.137690
42.000000,0.137377
43.000000,0.137050
44.000000,0.136716
45.000000,0.136374
46.000000,0.136031
47.000000,0.135676
48.000000,0.135311
49.000000,0.134947
50.000000,0.134578
51.000000,0.134214
52.000000,0.133847
53.000000,0.133471
54.000000,0.133111
55.000000,0.132769
56.000000,0.132403
57.000000,0.132052
58.000000,0.131700
59.000000,0.131359
60.000000,0.131000
61.000000,0.130642
62.000000,0.130303
63.000000,0.129966
64.000000,0.129628
65.000000,0.129288
66.000000,0.128936
67.000000,0.128582
68.000000,0.128253
69.000000,0.127906
70.000000,0.127547
71.000000,0.127195
72.000000,0.126832
73.000000,0.126468
74.000000,0.126085
75.000000,0.125718
76.000000,0.125364
77.000000,0.124996
78.000000,0.124622
79.000000,0.124229
80.000000,0.123836
81.000000,0.123449
82.000000,0.123060
83.000000,0.122681
84.000000,0.122304
85.000000,0.121915
86.000000,0.121526
87.000000,0.121150
88.000000,0.120779
89.000000,0.120410
90.000000,0.120048
91.000000,0.119663
92.000000,0.119271
93.000000,0.118884
94.000000,0.118497
95.000000,0.118110
96.000000,0.117737
97.000000,0.117359
98.000000,0.116977
99.000000,0.116580
100.000000,0.116186
101.000000,0.115802
102.000000,0.115409
103.000000,0.115012
104.000000,0.114615
105.000000,0.114218
106.000000,0.113827
107.000000,0.113445
108.000000,0.113061
109.000000,0.112705
110.000000,0.112349
111.000000,0.111992
112.000000,0.111643
113.000000,0.111280
114.000000,0.110910
115.000000,0.110543
116.000000,0.110163
117.000000,0.109786
118.000000,0.109410
119.000000,0.109026
120.000000,0.108625
121.000000,0.108222
122.000000,0.107812
123.000000,0.107388
124.000000,0.106956
125.000000,0.106528
126.000000,0.106087
127.000000,0.105647
128.000000,0.105211
129.000000,0.104788
130.000000,0.104357
131.000000,0.103914
132.000000,0.103465
133.000000,0.103015
134.000000,0.102577
135.000000,0.102151
136.000000,0.101730
137.000000,0.101303
138.000000,0.100884
139.000000,0.100465
140.000000,0.100012
141.000000,0.099558
142.000000,0.099088
143.000000,0.098622
144.000000,0.098166
145.000000,0.097719
146.000000,0.097269
147.000000,0.096811
148.000000,0.096346
149.000000,0.095861
150.000000,0.095374
151.000000,0.094881
152.000000,0.094377
153.000000,0.093868
154.000000,0.093336
155.000000,0.092809
156.000000,0.092273
157.000000,0.091753
158.000000,0.091222
159.000000,0.090660
160.000000,0.090098
161.000000,0.089550
162.000000,0.089014
163.000000,0.088474
164.000000,0.087959
165.000000,0.087433
166.000000,0.086893
167.000000,0.086359
168.000000,0.085819
169.000000,0.085297
170.000000,0.084792
171.000000,0.084290
172.000000,0.083787
173.000000,0.083276
174.000000,0.082779
175.000000,0.082266
176.000000,0.081733
177.000000,0.081180
178.000000,0.080635
179.000000,0.080077
180.000000,0.079514
181.000000,0.078976
182.000000,0.078439
183.000000,0.077907
184.000000,0.077362
185.000000,0.076802
186.000000,0.076242
187.000000,0.075679
188.000000,0.075128
189.000000,0.074591
190.000000,0.074059
191.000000,0.073536
192.000000,0.073001
193.000000,0.072460
194.000000,0.071931
195.000000,0.071417
196.000000,0.070899
197.000000,0.070375
198.000000,0.069854
199.000000,0.069326
200.000000,0.068789
201.000000,0.068242
202.000000,0.067668
203.000000,0.067075
204.000000,0.066491
205.000000,0.065907
206.000000,0.065332
207.000000,0.064768
208.000000,0.064215
209.000000,0.063649
210.000000,0.063084
211.000000,0.062509
212.000000,0.061927
213.000000,0.061344
214.000000,0.060763
215.000000,0.060194
216.000000,0.059631
217.000000,0.059085
218.000000,0.058560
219.000000,0.058020
220.000000,0.057456
221.000000,0.056898
222.000000,0.056347
223.000000,0.055789
224.000000,0.055224
225.000000,0.054641
226.000000,0.054033
227.000000,0.053437
228.000000,0.052864
229.000000,0.052298
230.000000,0.051727
231.000000,0.051153
232.000000,0.050577
233.000000,0.049993
234.000000,0.049397
235.000000,0.048822
236.000000,0.048234
237.000000,0.047654
238.000000,0.047064
239.000000,0.046479
240.000000,0.045898
241.000000,0.045360
242.000000,0.044817
243.000000,0.044240
244.000000,0.043648
245.000000,0.043060
246.000000,0.042482
247.000000,0.041908
248.000000,0.041329
249.000000,0.040751
250.000000,0.040176
251.000000,0.039596
252.000000,0.039003
253.000000,0.038428
254.000000,0.037846
255.000000,0.037259
256.000000,0.036636
257.000000,0.036013
258.000000,0.035409
259.000000,0.034812
260.000000,0.034207
261.000000,0.033595
262.000000,0.032965
263.000000,0.032349
264.000000,0.031730
265.000000,0.031115
266.000000,0.030510
267.000000,0.029900
268.000000,0.029275
269.000000,0.028635
270.000000,0.027998
271.000000,0.027361
272.000000,0.026741
273.000000,0.026111
274.000000,0.025491
275.000000,0.024884
276.000000,0.024291
277.000000,0.023728
278.000000,0.023141
279.000000,0.022565
280.000000,0.021995
281.000000,0.021423
282.000000,0.020866
283.000000,0.020325
284.000000,0.019808
285.000000,0.019297
286.000000,0.018800
287.000000,0.018290
288.000000,0.017774
289.000000,0.017276
290.000000,0.016770
291.000000,0.016264
292.000000,0.015741
293.000000,0.015245
294.000000,0.014744
295.000000,0.014233
296.000000,0.013736
297.000000,0.013242
298.000000,0.012740
299.000000,0.012246
300.000000,0.011759
301.000000,0.011268
302.000000,0.010789
303.000000,0.010327
304.000000,0.009850
305.000000,0.009399
306.000000,0.008954
307.000000,0.008507
308.000000,0.008062
309.000000,0.007630
310.000000,0.007215
311.000000,0.006793
312.000000,0.006374
313.000000,0.005960
314.000000,0.005548
315.000000,0.005137
316.000000,0.004743
317.000000,0.004353
318.000000,0.003953
319.000000,0.003560
320.000000,0.003155
321.000000,0.002755
322.000000,0.002384
323.000000,0.002028
324.000000,0.001694
325.000000,0.001397
326.000000,0.001159
327.000000,0.000947
328.000000,0.000764
329.000000,0.000582
330.000000,0.000410
331.000000,0.000237
332.000000,0.000117
333.000000,0.000057
334.000000,0.000000
